{
  "menu": {
    "food": [
      {
        "name": "Belgian Waffles",
        "price": "$5.95",
        "description": "two of our famous Belgian Waffles with plenty of real maple syrup",
        "calories": "650"
      },
      {
        "name": "Strawberry Belgian Waffles",
        "price": "$7.95",
        "description": "light Belgian waffles covered with strawberrys and whipped cream",
        "calories": "900"
      },
      {
        "name": "Berry-Berry Belgian Waffles",
        "price": "$8.95",
        "description": "light Belgian waffles covered with an assortment of fresh berries and whipped cream",
        "calories": "900"
      },
      {
        "name": "French Toast",
        "price": "$4.50",
        "description": "thick slices made from our homemade sourdough bread",
        "calories": "600"
      },
      {
        "name": "Homestyle Breakfast",
        "price": "$6.95",
        "description": "two eggs, bacon or sausage, toast, and our ever-popular hash browns",
        "calories": "950"
      }
    ]
  }
}