{
    "latitude": 37.8267,
    "longitude": -122.423,
    "timezone": "America/Los_Angeles",
    "offset": -7,
    "currently": {
        "time": 1472915784,
        "summary": "Mostly Cloudy",
        "icon": "partly-cloudy-day",
        "nearestStormDistance": 249,
        "nearestStormBearing": 168,
        "precipIntensity": 0,
        "precipProbability": 0,
        "temperature": 57.47,
        "apparentTemperature": 57.47,
        "dewPoint": 52.93,
        "humidity": 0.85,
        "windSpeed": 8.23,
        "windBearing": 268,
        "visibility": 6.64,
        "cloudCover": 0.82,
        "pressure": 1012.2,
        "ozone": 320.23
    },
    "minutely": {
        "summary": "Mostly cloudy for the hour.",
        "icon": "partly-cloudy-day",
        "data": [
                 {
                 "time": 1472915760,
                 "precipIntensity": 0,
                 "precipProbability": 0
                 },
                 {
                 "time": 1472915820,
                 "precipIntensity": 0,
                 "precipProbability": 0
                 },
                 {
                 "time": 1472915880,
                 "precipIntensity": 0,
                 "precipProbability": 0
                 },
                 {
                 "time": 1472915940,
                 "precipIntensity": 0,
                 "precipProbability": 0
                 },
                 {
                 "time": 1472916000,
                 "precipIntensity": 0,
                 "precipProbability": 0
                 },
                 {
                 "time": 1472916060,
                 "precipIntensity": 0,
                 "precipProbability": 0
                 },
                 {
                 "time": 1472916120,
                 "precipIntensity": 0,
                 "precipProbability": 0
                 },
                 {
                 "time": 1472916180,
                 "precipIntensity": 0,
                 "precipProbability": 0
                 },
                 {
                 "time": 1472916240,
                 "precipIntensity": 0,
                 "precipProbability": 0
                 },
                 {
                 "time": 1472916300,
                 "precipIntensity": 0,
                 "precipProbability": 0
                 },
                 {
                 "time": 1472916360,
                 "precipIntensity": 0,
                 "precipProbability": 0
                 },
                 {
                 "time": 1472916420,
                 "precipIntensity": 0,
                 "precipProbability": 0
                 },
                 {
                 "time": 1472916480,
                 "precipIntensity": 0,
                 "precipProbability": 0
                 },
                 {
                 "time": 1472916540,
                 "precipIntensity": 0,
                 "precipProbability": 0
                 },
                 {
                 "time": 1472916600,
                 "precipIntensity": 0,
                 "precipProbability": 0
                 },
                 {
                 "time": 1472916660,
                 "precipIntensity": 0,
                 "precipProbability": 0
                 },
                 {
                 "time": 1472916720,
                 "precipIntensity": 0,
                 "precipProbability": 0
                 },
                 {
                 "time": 1472916780,
                 "precipIntensity": 0,
                 "precipProbability": 0
                 },
                 {
                 "time": 1472916840,
                 "precipIntensity": 0,
                 "precipProbability": 0
                 },
                 {
                 "time": 1472916900,
                 "precipIntensity": 0,
                 "precipProbability": 0
                 },
                 {
                 "time": 1472916960,
                 "precipIntensity": 0,
                 "precipProbability": 0
                 },
                 {
                 "time": 1472917020,
                 "precipIntensity": 0,
                 "precipProbability": 0
                 },
                 {
                 "time": 1472917080,
                 "precipIntensity": 0,
                 "precipProbability": 0
                 },
                 {
                 "time": 1472917140,
                 "precipIntensity": 0,
                 "precipProbability": 0
                 },
                 {
                 "time": 1472917200,
                 "precipIntensity": 0,
                 "precipProbability": 0
                 },
                 {
                 "time": 1472917260,
                 "precipIntensity": 0,
                 "precipProbability": 0
                 },
                 {
                 "time": 1472917320,
                 "precipIntensity": 0,
                 "precipProbability": 0
                 },
                 {
                 "time": 1472917380,
                 "precipIntensity": 0,
                 "precipProbability": 0
                 },
                 {
                 "time": 1472917440,
                 "precipIntensity": 0,
                 "precipProbability": 0
                 },
                 {
                 "time": 1472917500,
                 "precipIntensity": 0,
                 "precipProbability": 0
                 },
                 {
                 "time": 1472917560,
                 "precipIntensity": 0,
                 "precipProbability": 0
                 },
                 {
                 "time": 1472917620,
                 "precipIntensity": 0,
                 "precipProbability": 0
                 },
                 {
                 "time": 1472917680,
                 "precipIntensity": 0,
                 "precipProbability": 0
                 },
                 {
                 "time": 1472917740,
                 "precipIntensity": 0,
                 "precipProbability": 0
                 },
                 {
                 "time": 1472917800,
                 "precipIntensity": 0,
                 "precipProbability": 0
                 },
                 {
                 "time": 1472917860,
                 "precipIntensity": 0,
                 "precipProbability": 0
                 },
                 {
                 "time": 1472917920,
                 "precipIntensity": 0,
                 "precipProbability": 0
                 },
                 {
                 "time": 1472917980,
                 "precipIntensity": 0,
                 "precipProbability": 0
                 },
                 {
                 "time": 1472918040,
                 "precipIntensity": 0,
                 "precipProbability": 0
                 },
                 {
                 "time": 1472918100,
                 "precipIntensity": 0,
                 "precipProbability": 0
                 },
                 {
                 "time": 1472918160,
                 "precipIntensity": 0,
                 "precipProbability": 0
                 },
                 {
                 "time": 1472918220,
                 "precipIntensity": 0,
                 "precipProbability": 0
                 },
                 {
                 "time": 1472918280,
                 "precipIntensity": 0,
                 "precipProbability": 0
                 },
                 {
                 "time": 1472918340,
                 "precipIntensity": 0,
                 "precipProbability": 0
                 },
                 {
                 "time": 1472918400,
                 "precipIntensity": 0,
                 "precipProbability": 0
                 },
                 {
                 "time": 1472918460,
                 "precipIntensity": 0,
                 "precipProbability": 0
                 },
                 {
                 "time": 1472918520,
                 "precipIntensity": 0,
                 "precipProbability": 0
                 },
                 {
                 "time": 1472918580,
                 "precipIntensity": 0,
                 "precipProbability": 0
                 },
                 {
                 "time": 1472918640,
                 "precipIntensity": 0,
                 "precipProbability": 0
                 },
                 {
                 "time": 1472918700,
                 "precipIntensity": 0,
                 "precipProbability": 0
                 },
                 {
                 "time": 1472918760,
                 "precipIntensity": 0,
                 "precipProbability": 0
                 },
                 {
                 "time": 1472918820,
                 "precipIntensity": 0,
                 "precipProbability": 0
                 },
                 {
                 "time": 1472918880,
                 "precipIntensity": 0,
                 "precipProbability": 0
                 },
                 {
                 "time": 1472918940,
                 "precipIntensity": 0,
                 "precipProbability": 0
                 },
                 {
                 "time": 1472919000,
                 "precipIntensity": 0,
                 "precipProbability": 0
                 },
                 {
                 "time": 1472919060,
                 "precipIntensity": 0,
                 "precipProbability": 0
                 },
                 {
                 "time": 1472919120,
                 "precipIntensity": 0,
                 "precipProbability": 0
                 },
                 {
                 "time": 1472919180,
                 "precipIntensity": 0,
                 "precipProbability": 0
                 },
                 {
                 "time": 1472919240,
                 "precipIntensity": 0,
                 "precipProbability": 0
                 },
                 {
                 "time": 1472919300,
                 "precipIntensity": 0,
                 "precipProbability": 0
                 },
                 {
                 "time": 1472919360,
                 "precipIntensity": 0,
                 "precipProbability": 0
                 }
                 ]
    },
    "hourly": {
        "summary": "Mostly cloudy throughout the day.",
        "icon": "partly-cloudy-night",
        "data": [
                 {
                 "time": 1472914800,
                 "summary": "Mostly Cloudy",
                 "icon": "partly-cloudy-day",
                 "precipIntensity": 0,
                 "precipProbability": 0,
                 "temperature": 56.78,
                 "apparentTemperature": 56.78,
                 "dewPoint": 52.8,
                 "humidity": 0.86,
                 "windSpeed": 8,
                 "windBearing": 267,
                 "visibility": 6.22,
                 "cloudCover": 0.83,
                 "pressure": 1012.53,
                 "ozone": 319.79
                 },
                 {
                 "time": 1472918400,
                 "summary": "Mostly Cloudy",
                 "icon": "partly-cloudy-day",
                 "precipIntensity": 0,
                 "precipProbability": 0,
                 "temperature": 59.28,
                 "apparentTemperature": 59.28,
                 "dewPoint": 53.22,
                 "humidity": 0.8,
                 "windSpeed": 8.86,
                 "windBearing": 270,
                 "visibility": 7.75,
                 "cloudCover": 0.81,
                 "pressure": 1011.33,
                 "ozone": 321.4
                 },
                 {
                 "time": 1472922000,
                 "summary": "Mostly Cloudy",
                 "icon": "partly-cloudy-day",
                 "precipIntensity": 0,
                 "precipProbability": 0,
                 "temperature": 61.52,
                 "apparentTemperature": 61.52,
                 "dewPoint": 53.59,
                 "humidity": 0.75,
                 "windSpeed": 8.33,
                 "windBearing": 270,
                 "visibility": 8.7,
                 "cloudCover": 0.8,
                 "pressure": 1011.28,
                 "ozone": 322.43
                 },
                 {
                 "time": 1472925600,
                 "summary": "Mostly Cloudy",
                 "icon": "partly-cloudy-day",
                 "precipIntensity": 0,
                 "precipProbability": 0,
                 "temperature": 63.25,
                 "apparentTemperature": 63.25,
                 "dewPoint": 53.63,
                 "humidity": 0.71,
                 "windSpeed": 8.68,
                 "windBearing": 272,
                 "visibility": 9.31,
                 "cloudCover": 0.69,
                 "pressure": 1011.28,
                 "ozone": 322.56
                 },
                 {
                 "time": 1472929200,
                 "summary": "Partly Cloudy",
                 "icon": "partly-cloudy-day",
                 "precipIntensity": 0,
                 "precipProbability": 0,
                 "temperature": 65.35,
                 "apparentTemperature": 65.35,
                 "dewPoint": 54.23,
                 "humidity": 0.67,
                 "windSpeed": 9.01,
                 "windBearing": 273,
                 "visibility": 9.64,
                 "cloudCover": 0.57,
                 "pressure": 1011.14,
                 "ozone": 321.1
                 },
                 {
                 "time": 1472932800,
                 "summary": "Partly Cloudy",
                 "icon": "partly-cloudy-day",
                 "precipIntensity": 0,
                 "precipProbability": 0,
                 "temperature": 67.79,
                 "apparentTemperature": 67.79,
                 "dewPoint": 55.22,
                 "humidity": 0.64,
                 "windSpeed": 10.08,
                 "windBearing": 274,
                 "visibility": 9.67,
                 "cloudCover": 0.41,
                 "pressure": 1010.92,
                 "ozone": 318.75
                 },
                 {
                 "time": 1472936400,
                 "summary": "Partly Cloudy",
                 "icon": "partly-cloudy-day",
                 "precipIntensity": 0,
                 "precipProbability": 0,
                 "temperature": 69.79,
                 "apparentTemperature": 69.79,
                 "dewPoint": 56.06,
                 "humidity": 0.62,
                 "windSpeed": 11.56,
                 "windBearing": 280,
                 "visibility": 9.72,
                 "cloudCover": 0.37,
                 "pressure": 1010.6,
                 "ozone": 317.29
                 },
                 {
                 "time": 1472940000,
                 "summary": "Partly Cloudy",
                 "icon": "partly-cloudy-day",
                 "precipIntensity": 0,
                 "precipProbability": 0,
                 "temperature": 70.89,
                 "apparentTemperature": 70.89,
                 "dewPoint": 56.61,
                 "humidity": 0.61,
                 "windSpeed": 12.36,
                 "windBearing": 282,
                 "visibility": 9.73,
                 "cloudCover": 0.33,
                 "pressure": 1010.27,
                 "ozone": 317.76
                 },
                 {
                 "time": 1472943600,
                 "summary": "Partly Cloudy",
                 "icon": "partly-cloudy-day",
                 "precipIntensity": 0,
                 "precipProbability": 0,
                 "temperature": 69.96,
                 "apparentTemperature": 69.96,
                 "dewPoint": 55.89,
                 "humidity": 0.61,
                 "windSpeed": 12.83,
                 "windBearing": 283,
                 "visibility": 9.75,
                 "cloudCover": 0.38,
                 "pressure": 1009.89,
                 "ozone": 319.12
                 },
                 {
                 "time": 1472947200,
                 "summary": "Partly Cloudy",
                 "icon": "partly-cloudy-day",
                 "precipIntensity": 0,
                 "precipProbability": 0,
                 "temperature": 68.43,
                 "apparentTemperature": 68.43,
                 "dewPoint": 55.17,
                 "humidity": 0.63,
                 "windSpeed": 13.3,
                 "windBearing": 285,
                 "visibility": 9.78,
                 "cloudCover": 0.36,
                 "pressure": 1009.58,
                 "ozone": 319.99
                 },
                 {
                 "time": 1472950800,
                 "summary": "Partly Cloudy",
                 "icon": "partly-cloudy-day",
                 "precipIntensity": 0,
                 "precipProbability": 0,
                 "temperature": 66.14,
                 "apparentTemperature": 66.14,
                 "dewPoint": 54.4,
                 "humidity": 0.66,
                 "windSpeed": 13.35,
                 "windBearing": 286,
                 "visibility": 9.78,
                 "cloudCover": 0.46,
                 "pressure": 1009.4,
                 "ozone": 319.84
                 },
                 {
                 "time": 1472954400,
                 "summary": "Partly Cloudy",
                 "icon": "partly-cloudy-day",
                 "precipIntensity": 0,
                 "precipProbability": 0,
                 "temperature": 63.17,
                 "apparentTemperature": 63.17,
                 "dewPoint": 53.55,
                 "humidity": 0.71,
                 "windSpeed": 12.66,
                 "windBearing": 288,
                 "visibility": 9.76,
                 "cloudCover": 0.5,
                 "pressure": 1009.28,
                 "ozone": 319.19
                 },
                 {
                 "time": 1472958000,
                 "summary": "Mostly Cloudy",
                 "icon": "partly-cloudy-night",
                 "precipIntensity": 0,
                 "precipProbability": 0,
                 "temperature": 60.97,
                 "apparentTemperature": 60.97,
                 "dewPoint": 53.48,
                 "humidity": 0.76,
                 "windSpeed": 11.56,
                 "windBearing": 289,
                 "visibility": 9.21,
                 "cloudCover": 0.6,
                 "pressure": 1009.26,
                 "ozone": 318.27
                 },
                 {
                 "time": 1472961600,
                 "summary": "Mostly Cloudy",
                 "icon": "partly-cloudy-night",
                 "precipIntensity": 0,
                 "precipProbability": 0,
                 "temperature": 59.5,
                 "apparentTemperature": 59.5,
                 "dewPoint": 53.14,
                 "humidity": 0.79,
                 "windSpeed": 10.96,
                 "windBearing": 290,
                 "visibility": 8.84,
                 "cloudCover": 0.62,
                 "pressure": 1009.39,
                 "ozone": 316.95
                 },
                 {
                 "time": 1472965200,
                 "summary": "Mostly Cloudy",
                 "icon": "partly-cloudy-night",
                 "precipIntensity": 0,
                 "precipProbability": 0,
                 "temperature": 58.64,
                 "apparentTemperature": 58.64,
                 "dewPoint": 52.83,
                 "humidity": 0.81,
                 "windSpeed": 10.59,
                 "windBearing": 291,
                 "visibility": 8.69,
                 "cloudCover": 0.68,
                 "pressure": 1009.61,
                 "ozone": 315.36
                 },
                 {
                 "time": 1472968800,
                 "summary": "Mostly Cloudy",
                 "icon": "partly-cloudy-night",
                 "precipIntensity": 0,
                 "precipProbability": 0,
                 "temperature": 57.82,
                 "apparentTemperature": 57.82,
                 "dewPoint": 52.31,
                 "humidity": 0.82,
                 "windSpeed": 10.21,
                 "windBearing": 291,
                 "visibility": 8.63,
                 "cloudCover": 0.69,
                 "pressure": 1009.74,
                 "ozone": 314
                 },
                 {
                 "time": 1472972400,
                 "summary": "Mostly Cloudy",
                 "icon": "partly-cloudy-night",
                 "precipIntensity": 0,
                 "precipProbability": 0,
                 "temperature": 57.37,
                 "apparentTemperature": 57.37,
                 "dewPoint": 52.12,
                 "humidity": 0.83,
                 "windSpeed": 10.18,
                 "windBearing": 291,
                 "visibility": 8.54,
                 "cloudCover": 0.69,
                 "pressure": 1009.72,
                 "ozone": 313.17
                 },
                 {
                 "time": 1472976000,
                 "summary": "Mostly Cloudy",
                 "icon": "partly-cloudy-night",
                 "precipIntensity": 0,
                 "precipProbability": 0,
                 "temperature": 57.49,
                 "apparentTemperature": 57.49,
                 "dewPoint": 52.29,
                 "humidity": 0.83,
                 "windSpeed": 10.36,
                 "windBearing": 291,
                 "visibility": 8.52,
                 "cloudCover": 0.69,
                 "pressure": 1009.63,
                 "ozone": 312.57
                 },
                 {
                 "time": 1472979600,
                 "summary": "Mostly Cloudy",
                 "icon": "partly-cloudy-night",
                 "precipIntensity": 0,
                 "precipProbability": 0,
                 "temperature": 57.68,
                 "apparentTemperature": 57.68,
                 "dewPoint": 52.72,
                 "humidity": 0.83,
                 "windSpeed": 10.11,
                 "windBearing": 291,
                 "visibility": 8.87,
                 "cloudCover": 0.69,
                 "pressure": 1009.57,
                 "ozone": 311.92
                 },
                 {
                 "time": 1472983200,
                 "summary": "Mostly Cloudy",
                 "icon": "partly-cloudy-night",
                 "precipIntensity": 0,
                 "precipProbability": 0,
                 "temperature": 57.69,
                 "apparentTemperature": 57.69,
                 "dewPoint": 53.07,
                 "humidity": 0.85,
                 "windSpeed": 9.88,
                 "windBearing": 290,
                 "visibility": 9.24,
                 "cloudCover": 0.69,
                 "pressure": 1009.56,
                 "ozone": 310.96
                 },
                 {
                 "time": 1472986800,
                 "summary": "Mostly Cloudy",
                 "icon": "partly-cloudy-night",
                 "precipIntensity": 0,
                 "precipProbability": 0,
                 "temperature": 57.59,
                 "apparentTemperature": 57.59,
                 "dewPoint": 53.22,
                 "humidity": 0.85,
                 "windSpeed": 9.66,
                 "windBearing": 291,
                 "visibility": 9.54,
                 "cloudCover": 0.69,
                 "pressure": 1009.59,
                 "ozone": 309.93
                 },
                 {
                 "time": 1472990400,
                 "summary": "Mostly Cloudy",
                 "icon": "partly-cloudy-night",
                 "precipIntensity": 0,
                 "precipProbability": 0,
                 "temperature": 57.47,
                 "apparentTemperature": 57.47,
                 "dewPoint": 53.03,
                 "humidity": 0.85,
                 "windSpeed": 9.28,
                 "windBearing": 293,
                 "visibility": 9.74,
                 "cloudCover": 0.69,
                 "pressure": 1009.72,
                 "ozone": 309.26
                 },
                 {
                 "time": 1472994000,
                 "summary": "Mostly Cloudy",
                 "icon": "partly-cloudy-night",
                 "precipIntensity": 0,
                 "precipProbability": 0,
                 "temperature": 57.39,
                 "apparentTemperature": 57.39,
                 "dewPoint": 52.91,
                 "humidity": 0.85,
                 "windSpeed": 8.58,
                 "windBearing": 297,
                 "visibility": 10,
                 "cloudCover": 0.69,
                 "pressure": 1010.02,
                 "ozone": 309.1
                 },
                 {
                 "time": 1472997600,
                 "summary": "Mostly Cloudy",
                 "icon": "partly-cloudy-day",
                 "precipIntensity": 0,
                 "precipProbability": 0,
                 "temperature": 56.95,
                 "apparentTemperature": 56.95,
                 "dewPoint": 52.27,
                 "humidity": 0.84,
                 "windSpeed": 8.03,
                 "windBearing": 304,
                 "visibility": 10,
                 "cloudCover": 0.7,
                 "pressure": 1010.43,
                 "ozone": 309.3
                 },
                 {
                 "time": 1473001200,
                 "summary": "Partly Cloudy",
                 "icon": "partly-cloudy-day",
                 "precipIntensity": 0,
                 "precipProbability": 0,
                 "temperature": 56.23,
                 "apparentTemperature": 56.23,
                 "dewPoint": 51.3,
                 "humidity": 0.84,
                 "windSpeed": 7.56,
                 "windBearing": 310,
                 "visibility": 10,
                 "cloudCover": 0.58,
                 "pressure": 1010.84,
                 "ozone": 309.83
                 },
                 {
                 "time": 1473004800,
                 "summary": "Partly Cloudy",
                 "icon": "partly-cloudy-day",
                 "precipIntensity": 0,
                 "precipProbability": 0,
                 "temperature": 57.89,
                 "apparentTemperature": 57.89,
                 "dewPoint": 51.77,
                 "humidity": 0.8,
                 "windSpeed": 6.91,
                 "windBearing": 311,
                 "visibility": 10,
                 "cloudCover": 0.52,
                 "pressure": 1011.25,
                 "ozone": 311.03
                 },
                 {
                 "time": 1473008400,
                 "summary": "Partly Cloudy",
                 "icon": "partly-cloudy-day",
                 "precipIntensity": 0,
                 "precipProbability": 0,
                 "temperature": 59.52,
                 "apparentTemperature": 59.52,
                 "dewPoint": 51.59,
                 "humidity": 0.75,
                 "windSpeed": 6.18,
                 "windBearing": 311,
                 "visibility": 10,
                 "cloudCover": 0.47,
                 "pressure": 1011.65,
                 "ozone": 312.57
                 },
                 {
                 "time": 1473012000,
                 "summary": "Partly Cloudy",
                 "icon": "partly-cloudy-day",
                 "precipIntensity": 0,
                 "precipProbability": 0,
                 "temperature": 60.86,
                 "apparentTemperature": 60.86,
                 "dewPoint": 51.17,
                 "humidity": 0.7,
                 "windSpeed": 5.97,
                 "windBearing": 306,
                 "visibility": 10,
                 "cloudCover": 0.41,
                 "pressure": 1011.91,
                 "ozone": 313.47
                 },
                 {
                 "time": 1473015600,
                 "summary": "Partly Cloudy",
                 "icon": "partly-cloudy-day",
                 "precipIntensity": 0,
                 "precipProbability": 0,
                 "temperature": 62.59,
                 "apparentTemperature": 62.59,
                 "dewPoint": 51.44,
                 "humidity": 0.67,
                 "windSpeed": 6.71,
                 "windBearing": 298,
                 "visibility": 10,
                 "cloudCover": 0.31,
                 "pressure": 1011.97,
                 "ozone": 313.08
                 },
                 {
                 "time": 1473019200,
                 "summary": "Clear",
                 "icon": "clear-day",
                 "precipIntensity": 0,
                 "precipProbability": 0,
                 "temperature": 65.17,
                 "apparentTemperature": 65.17,
                 "dewPoint": 52.63,
                 "humidity": 0.64,
                 "windSpeed": 8.2,
                 "windBearing": 290,
                 "visibility": 10,
                 "cloudCover": 0.16,
                 "pressure": 1011.87,
                 "ozone": 312.07
                 },
                 {
                 "time": 1473022800,
                 "summary": "Clear",
                 "icon": "clear-day",
                 "precipIntensity": 0,
                 "precipProbability": 0,
                 "temperature": 68.05,
                 "apparentTemperature": 68.05,
                 "dewPoint": 54.57,
                 "humidity": 0.62,
                 "windSpeed": 9.81,
                 "windBearing": 286,
                 "visibility": 10,
                 "cloudCover": 0.08,
                 "pressure": 1011.6,
                 "ozone": 311.45
                 },
                 {
                 "time": 1473026400,
                 "summary": "Clear",
                 "icon": "clear-day",
                 "precipIntensity": 0,
                 "precipProbability": 0,
                 "temperature": 69.46,
                 "apparentTemperature": 69.46,
                 "dewPoint": 55.49,
                 "humidity": 0.61,
                 "windSpeed": 11.31,
                 "windBearing": 285,
                 "visibility": 10,
                 "cloudCover": 0.08,
                 "pressure": 1011.15,
                 "ozone": 311.83
                 },
                 {
                 "time": 1473030000,
                 "summary": "Clear",
                 "icon": "clear-day",
                 "precipIntensity": 0,
                 "precipProbability": 0,
                 "temperature": 68.9,
                 "apparentTemperature": 68.9,
                 "dewPoint": 54.97,
                 "humidity": 0.61,
                 "windSpeed": 12.59,
                 "windBearing": 286,
                 "visibility": 10,
                 "cloudCover": 0.11,
                 "pressure": 1010.62,
                 "ozone": 312.62
                 },
                 {
                 "time": 1473033600,
                 "summary": "Clear",
                 "icon": "clear-day",
                 "precipIntensity": 0,
                 "precipProbability": 0,
                 "temperature": 67.7,
                 "apparentTemperature": 67.7,
                 "dewPoint": 54.42,
                 "humidity": 0.62,
                 "windSpeed": 13.13,
                 "windBearing": 288,
                 "visibility": 10,
                 "cloudCover": 0.14,
                 "pressure": 1010.24,
                 "ozone": 313.1
                 },
                 {
                 "time": 1473037200,
                 "summary": "Clear",
                 "icon": "clear-day",
                 "precipIntensity": 0,
                 "precipProbability": 0,
                 "temperature": 65.61,
                 "apparentTemperature": 65.61,
                 "dewPoint": 53.87,
                 "humidity": 0.66,
                 "windSpeed": 12.56,
                 "windBearing": 289,
                 "visibility": 10,
                 "cloudCover": 0.16,
                 "pressure": 1010.08,
                 "ozone": 312.92
                 },
                 {
                 "time": 1473040800,
                 "summary": "Clear",
                 "icon": "clear-day",
                 "precipIntensity": 0,
                 "precipProbability": 0,
                 "temperature": 62.96,
                 "apparentTemperature": 62.96,
                 "dewPoint": 53.2,
                 "humidity": 0.7,
                 "windSpeed": 11.17,
                 "windBearing": 292,
                 "visibility": 10,
                 "cloudCover": 0.17,
                 "pressure": 1010.04,
                 "ozone": 312.44
                 },
                 {
                 "time": 1473044400,
                 "summary": "Clear",
                 "icon": "clear-night",
                 "precipIntensity": 0,
                 "precipProbability": 0,
                 "temperature": 60.69,
                 "apparentTemperature": 60.69,
                 "dewPoint": 52.56,
                 "humidity": 0.75,
                 "windSpeed": 9.9,
                 "windBearing": 295,
                 "visibility": 10,
                 "cloudCover": 0.19,
                 "pressure": 1010.11,
                 "ozone": 311.96
                 },
                 {
                 "time": 1473048000,
                 "summary": "Clear",
                 "icon": "clear-night",
                 "precipIntensity": 0,
                 "precipProbability": 0,
                 "temperature": 59.45,
                 "apparentTemperature": 59.45,
                 "dewPoint": 52.42,
                 "humidity": 0.78,
                 "windSpeed": 8.83,
                 "windBearing": 296,
                 "visibility": 10,
                 "cloudCover": 0.21,
                 "pressure": 1010.36,
                 "ozone": 311.58
                 },
                 {
                 "time": 1473051600,
                 "summary": "Clear",
                 "icon": "clear-night",
                 "precipIntensity": 0,
                 "precipProbability": 0,
                 "temperature": 58.83,
                 "apparentTemperature": 58.83,
                 "dewPoint": 52.65,
                 "humidity": 0.8,
                 "windSpeed": 7.75,
                 "windBearing": 298,
                 "visibility": 10,
                 "cloudCover": 0.23,
                 "pressure": 1010.7,
                 "ozone": 311.2
                 },
                 {
                 "time": 1473055200,
                 "summary": "Partly Cloudy",
                 "icon": "partly-cloudy-night",
                 "precipIntensity": 0,
                 "precipProbability": 0,
                 "temperature": 58.44,
                 "apparentTemperature": 58.44,
                 "dewPoint": 52.9,
                 "humidity": 0.82,
                 "windSpeed": 6.83,
                 "windBearing": 299,
                 "visibility": 10,
                 "cloudCover": 0.25,
                 "pressure": 1010.9,
                 "ozone": 310.9
                 },
                 {
                 "time": 1473058800,
                 "summary": "Partly Cloudy",
                 "icon": "partly-cloudy-night",
                 "precipIntensity": 0,
                 "precipProbability": 0,
                 "temperature": 58.17,
                 "apparentTemperature": 58.17,
                 "dewPoint": 53.03,
                 "humidity": 0.83,
                 "windSpeed": 6.11,
                 "windBearing": 299,
                 "visibility": 10,
                 "cloudCover": 0.25,
                 "pressure": 1010.84,
                 "ozone": 310.65
                 },
                 {
                 "time": 1473062400,
                 "summary": "Partly Cloudy",
                 "icon": "partly-cloudy-night",
                 "precipIntensity": 0,
                 "precipProbability": 0,
                 "temperature": 57.97,
                 "apparentTemperature": 57.97,
                 "dewPoint": 53.05,
                 "humidity": 0.84,
                 "windSpeed": 5.54,
                 "windBearing": 297,
                 "visibility": 10,
                 "cloudCover": 0.25,
                 "pressure": 1010.65,
                 "ozone": 310.48
                 },
                 {
                 "time": 1473066000,
                 "summary": "Partly Cloudy",
                 "icon": "partly-cloudy-night",
                 "precipIntensity": 0,
                 "precipProbability": 0,
                 "temperature": 57.69,
                 "apparentTemperature": 57.69,
                 "dewPoint": 52.97,
                 "humidity": 0.84,
                 "windSpeed": 5.12,
                 "windBearing": 295,
                 "visibility": 10,
                 "cloudCover": 0.25,
                 "pressure": 1010.48,
                 "ozone": 310.48
                 },
                 {
                 "time": 1473069600,
                 "summary": "Partly Cloudy",
                 "icon": "partly-cloudy-night",
                 "precipIntensity": 0,
                 "precipProbability": 0,
                 "temperature": 57.12,
                 "apparentTemperature": 57.12,
                 "dewPoint": 52.7,
                 "humidity": 0.85,
                 "windSpeed": 5,
                 "windBearing": 293,
                 "visibility": 10,
                 "cloudCover": 0.26,
                 "pressure": 1010.36,
                 "ozone": 310.88
                 },
                 {
                 "time": 1473073200,
                 "summary": "Partly Cloudy",
                 "icon": "partly-cloudy-night",
                 "precipIntensity": 0,
                 "precipProbability": 0,
                 "temperature": 56.46,
                 "apparentTemperature": 56.46,
                 "dewPoint": 52.29,
                 "humidity": 0.86,
                 "windSpeed": 5.15,
                 "windBearing": 292,
                 "visibility": 10,
                 "cloudCover": 0.27,
                 "pressure": 1010.27,
                 "ozone": 311.47
                 },
                 {
                 "time": 1473076800,
                 "summary": "Partly Cloudy",
                 "icon": "partly-cloudy-night",
                 "precipIntensity": 0,
                 "precipProbability": 0,
                 "temperature": 56.03,
                 "apparentTemperature": 56.03,
                 "dewPoint": 51.88,
                 "humidity": 0.86,
                 "windSpeed": 4.97,
                 "windBearing": 291,
                 "visibility": 10,
                 "cloudCover": 0.27,
                 "pressure": 1010.3,
                 "ozone": 311.73
                 },
                 {
                 "time": 1473080400,
                 "summary": "Partly Cloudy",
                 "icon": "partly-cloudy-night",
                 "precipIntensity": 0,
                 "precipProbability": 0,
                 "temperature": 56.3,
                 "apparentTemperature": 56.3,
                 "dewPoint": 51.92,
                 "humidity": 0.85,
                 "windSpeed": 4.35,
                 "windBearing": 292,
                 "visibility": 10,
                 "cloudCover": 0.28,
                 "pressure": 1010.52,
                 "ozone": 311.39
                 },
                 {
                 "time": 1473084000,
                 "summary": "Partly Cloudy",
                 "icon": "partly-cloudy-day",
                 "precipIntensity": 0,
                 "precipProbability": 0,
                 "temperature": 56.68,
                 "apparentTemperature": 56.68,
                 "dewPoint": 51.81,
                 "humidity": 0.84,
                 "windSpeed": 3.39,
                 "windBearing": 294,
                 "visibility": 10,
                 "cloudCover": 0.28,
                 "pressure": 1010.86,
                 "ozone": 310.73
                 },
                 {
                 "time": 1473087600,
                 "summary": "Partly Cloudy",
                 "icon": "partly-cloudy-day",
                 "precipIntensity": 0,
                 "precipProbability": 0,
                 "temperature": 57.41,
                 "apparentTemperature": 57.41,
                 "dewPoint": 51.59,
                 "humidity": 0.81,
                 "windSpeed": 3.02,
                 "windBearing": 292,
                 "visibility": 10,
                 "cloudCover": 0.27,
                 "pressure": 1011.19,
                 "ozone": 310.08
                 }
                 ]
    },
    "daily": {
        "summary": "No precipitation throughout the week, with temperatures rising to 79Â°F on Wednesday.",
        "icon": "clear-day",
        "data": [
                 {
                 "time": 1472886000,
                 "summary": "Mostly cloudy throughout the day.",
                 "icon": "partly-cloudy-day",
                 "sunriseTime": 1472910201,
                 "sunsetTime": 1472956641,
                 "moonPhase": 0.08,
                 "precipIntensity": 0,
                 "precipIntensityMax": 0,
                 "precipProbability": 0,
                 "temperatureMin": 55.37,
                 "temperatureMinTime": 1472907600,
                 "temperatureMax": 70.89,
                 "temperatureMaxTime": 1472940000,
                 "apparentTemperatureMin": 55.37,
                 "apparentTemperatureMinTime": 1472907600,
                 "apparentTemperatureMax": 70.89,
                 "apparentTemperatureMaxTime": 1472940000,
                 "dewPoint": 53.37,
                 "humidity": 0.76,
                 "windSpeed": 9.36,
                 "windBearing": 278,
                 "visibility": 8.57,
                 "cloudCover": 0.61,
                 "pressure": 1010.87,
                 "ozone": 315.77
                 },
                 {
                 "time": 1472972400,
                 "summary": "Partly cloudy until afternoon.",
                 "icon": "partly-cloudy-day",
                 "sunriseTime": 1472996651,
                 "sunsetTime": 1473042950,
                 "moonPhase": 0.11,
                 "precipIntensity": 0,
                 "precipIntensityMax": 0,
                 "precipProbability": 0,
                 "temperatureMin": 56.23,
                 "temperatureMinTime": 1473001200,
                 "temperatureMax": 69.46,
                 "temperatureMaxTime": 1473026400,
                 "apparentTemperatureMin": 56.23,
                 "apparentTemperatureMinTime": 1473001200,
                 "apparentTemperatureMax": 69.46,
                 "apparentTemperatureMaxTime": 1473026400,
                 "dewPoint": 52.86,
                 "humidity": 0.75,
                 "windSpeed": 9.16,
                 "windBearing": 294,
                 "visibility": 9.77,
                 "cloudCover": 0.4,
                 "pressure": 1010.56,
                 "ozone": 311.59
                 },
                 {
                 "time": 1473058800,
                 "summary": "Partly cloudy overnight.",
                 "icon": "partly-cloudy-night",
                 "sunriseTime": 1473083102,
                 "sunsetTime": 1473129259,
                 "moonPhase": 0.14,
                 "precipIntensity": 0,
                 "precipIntensityMax": 0,
                 "precipProbability": 0,
                 "temperatureMin": 56.03,
                 "temperatureMinTime": 1473076800,
                 "temperatureMax": 73.95,
                 "temperatureMaxTime": 1473116400,
                 "apparentTemperatureMin": 56.03,
                 "apparentTemperatureMinTime": 1473076800,
                 "apparentTemperatureMax": 73.95,
                 "apparentTemperatureMaxTime": 1473116400,
                 "dewPoint": 52.49,
                 "humidity": 0.71,
                 "windSpeed": 6.55,
                 "windBearing": 276,
                 "visibility": 10,
                 "cloudCover": 0.19,
                 "pressure": 1010.49,
                 "ozone": 309.96
                 },
                 {
                 "time": 1473145200,
                 "summary": "Partly cloudy in the morning.",
                 "icon": "partly-cloudy-night",
                 "sunriseTime": 1473169552,
                 "sunsetTime": 1473215567,
                 "moonPhase": 0.17,
                 "precipIntensity": 0,
                 "precipIntensityMax": 0,
                 "precipProbability": 0,
                 "temperatureMin": 57.61,
                 "temperatureMinTime": 1473163200,
                 "temperatureMax": 77.45,
                 "temperatureMaxTime": 1473195600,
                 "apparentTemperatureMin": 57.61,
                 "apparentTemperatureMinTime": 1473163200,
                 "apparentTemperatureMax": 77.45,
                 "apparentTemperatureMaxTime": 1473195600,
                 "dewPoint": 52.41,
                 "humidity": 0.65,
                 "windSpeed": 4.64,
                 "windBearing": 254,
                 "visibility": 10,
                 "cloudCover": 0.14,
                 "pressure": 1010.57,
                 "ozone": 291.35
                 },
                 {
                 "time": 1473231600,
                 "summary": "Clear throughout the day.",
                 "icon": "clear-day",
                 "sunriseTime": 1473256002,
                 "sunsetTime": 1473301875,
                 "moonPhase": 0.2,
                 "precipIntensity": 0,
                 "precipIntensityMax": 0,
                 "precipProbability": 0,
                 "temperatureMin": 59.62,
                 "temperatureMinTime": 1473249600,
                 "temperatureMax": 78.68,
                 "temperatureMaxTime": 1473289200,
                 "apparentTemperatureMin": 59.62,
                 "apparentTemperatureMinTime": 1473249600,
                 "apparentTemperatureMax": 78.68,
                 "apparentTemperatureMaxTime": 1473289200,
                 "dewPoint": 53.11,
                 "humidity": 0.64,
                 "windSpeed": 2.79,
                 "windBearing": 255,
                 "cloudCover": 0,
                 "pressure": 1011.24,
                 "ozone": 285.76
                 },
                 {
                 "time": 1473318000,
                 "summary": "Clear throughout the day.",
                 "icon": "clear-day",
                 "sunriseTime": 1473342452,
                 "sunsetTime": 1473388183,
                 "moonPhase": 0.23,
                 "precipIntensity": 0,
                 "precipIntensityMax": 0,
                 "precipProbability": 0,
                 "temperatureMin": 61.42,
                 "temperatureMinTime": 1473400800,
                 "temperatureMax": 76.66,
                 "temperatureMaxTime": 1473368400,
                 "apparentTemperatureMin": 61.42,
                 "apparentTemperatureMinTime": 1473400800,
                 "apparentTemperatureMax": 76.66,
                 "apparentTemperatureMaxTime": 1473368400,
                 "dewPoint": 52.61,
                 "humidity": 0.62,
                 "windSpeed": 4.29,
                 "windBearing": 216,
                 "cloudCover": 0,
                 "pressure": 1012.45,
                 "ozone": 282.12
                 },
                 {
                 "time": 1473404400,
                 "summary": "Clear throughout the day.",
                 "icon": "clear-day",
                 "sunriseTime": 1473428902,
                 "sunsetTime": 1473474490,
                 "moonPhase": 0.26,
                 "precipIntensity": 0,
                 "precipIntensityMax": 0,
                 "precipProbability": 0,
                 "temperatureMin": 58.53,
                 "temperatureMinTime": 1473422400,
                 "temperatureMax": 74.66,
                 "temperatureMaxTime": 1473458400,
                 "apparentTemperatureMin": 58.53,
                 "apparentTemperatureMinTime": 1473422400,
                 "apparentTemperatureMax": 74.66,
                 "apparentTemperatureMaxTime": 1473458400,
                 "dewPoint": 52.46,
                 "humidity": 0.66,
                 "windSpeed": 3.93,
                 "windBearing": 229,
                 "cloudCover": 0,
                 "pressure": 1011.95,
                 "ozone": 279.32
                 },
                 {
                 "time": 1473490800,
                 "summary": "Clear throughout the day.",
                 "icon": "clear-day",
                 "sunriseTime": 1473515352,
                 "sunsetTime": 1473560797,
                 "moonPhase": 0.29,
                 "precipIntensity": 0,
                 "precipIntensityMax": 0,
                 "precipProbability": 0,
                 "temperatureMin": 57.87,
                 "temperatureMinTime": 1473508800,
                 "temperatureMax": 72,
                 "temperatureMaxTime": 1473544800,
                 "apparentTemperatureMin": 57.87,
                 "apparentTemperatureMinTime": 1473508800,
                 "apparentTemperatureMax": 72,
                 "apparentTemperatureMaxTime": 1473544800,
                 "dewPoint": 52.21,
                 "humidity": 0.67,
                 "windSpeed": 4.09,
                 "windBearing": 229,
                 "cloudCover": 0,
                 "pressure": 1012.06,
                 "ozone": 273.97
                 }
                 ]
    },
    "flags": {
        "sources": [
                    "darksky",
                    "lamp",
                    "gfs",
                    "cmc",
                    "nam",
                    "rap",
                    "rtma",
                    "sref",
                    "fnmoc",
                    "isd",
                    "nwspa",
                    "madis",
                    "nearest-precip"
                    ],
        "darksky-stations": [
                             "KDAX"
                             ],
        "lamp-stations": [
                          "KAPC",
                          "KCCR",
                          "KHWD",
                          "KLVK",
                          "KNUQ",
                          "KOAK",
                          "KPAO",
                          "KSFO",
                          "KSQL"
                          ],
        "isd-stations": [
                         "724943-99999",
                         "745039-99999",
                         "745065-99999",
                         "994016-99999",
                         "998479-99999"
                         ],
        "madis-stations": [
                           "AU915",
                           "C5988",
                           "C8158",
                           "C9629",
                           "CQ147",
                           "D5422",
                           "E0426",
                           "E9227",
                           "FTPC1",
                           "GGBC1",
                           "OKXC1",
                           "OMHC1",
                           "PPXC1",
                           "PXOC1",
                           "SFOC1",
                           "TIBC1"
                           ],
        "units": "us"
    }
}
